{"GO:0005829": {"pathway_title": "C:cytosol", "uniprot_ids": "P04982,P09373,P0A759,P0A9A2,P0A9G6,P0ABH9,P0ACY9,P0AFP6,P0AGK8,P0C054,P26608,P52643,P75936,P75937,Q46938", "members": 15, "matrix_rank": 15, "t_square": 1019.5301467488047, "p_value": 8.773571800805118e-208, "lineage": ["GO:0044444", "GO:0044424", "GO:0044464", "GO:0005575"]}, "GO:0071973": {"pathway_title": "P:bacterial-type flagellum-dependent cell motility", "uniprot_ids": "P0ABX5,P24216,P26608,P29744,P52613,P52614,P75937", "members": 7, "matrix_rank": 5, "t_square": 393.6001830205577, "p_value": 7.104179189582073e-83, "lineage": ["GO:0097588", "GO:0001539", "GO:0048870", "GO:0006928", "GO:0009987", "GO:0008150"]}, "GO:0046872": {"pathway_title": "F:metal ion binding", "uniprot_ids": "P0A9G6,P0AER0,P0AFP6,P33602,P69741,Q46938", "members": 6, "matrix_rank": 6, "t_square": 299.5580465900864, "p_value": 1.01734355132301e-61, "lineage": ["GO:0043169", "GO:0043167", "GO:0005488", "GO:0003674"]}, "GO:0005737": {"pathway_title": "C:cytoplasm", "uniprot_ids": "P05706,P06721,P06959,P0A8S9,P43533", "members": 5, "matrix_rank": 5, "t_square": 429.1679459995106, "p_value": 1.5281170706560169e-90, "lineage": ["GO:0044424", "GO:0044464", "GO:0005575"]}, "GO:0044780": {"pathway_title": "P:bacterial-type flagellum assembly", "uniprot_ids": "P0A8S9,P26608,P43533,P52614", "members": 4, "matrix_rank": 4, "t_square": 351.76499039009354, "p_value": 7.292689606791407e-75, "lineage": ["GO:0030031", "GO:0022607", "GO:0016043", "GO:0009987", "GO:0008150"]}, "GO:0005886": {"pathway_title": "C:plasma membrane", "uniprot_ids": "P0AER0,P21865,P33602,P52613", "members": 4, "matrix_rank": 4, "t_square": 225.89039043227552, "p_value": 1.0120942952656076e-47, "lineage": ["GO:0016020", "GO:0005575"]}, "GO:0044781": {"pathway_title": "P:bacterial-type flagellum organization", "uniprot_ids": "P0AEM4,P52613,P75936", "members": 3, "matrix_rank": 3, "t_square": 263.64498840015307, "p_value": 7.316544168503397e-57, "lineage": ["GO:0006996", "GO:0016043", "GO:0009987", "GO:0008150"]}, "GO:0006281": {"pathway_title": "P:DNA repair", "uniprot_ids": "P0ABR1,P0ACY9,P0AFP6", "members": 3, "matrix_rank": 3, "t_square": 191.28265738082138, "p_value": 3.2249980707191354e-41, "lineage": ["GO:0006259", "GO:0044260", "GO:0043170", "GO:0071704", "GO:0008152", "GO:0008150"]}, "GO:0005524": {"pathway_title": "F:ATP binding", "uniprot_ids": "P0ABH9,P21865", "members": 2, "matrix_rank": 2, "t_square": 147.48174359438383, "p_value": 9.435095225964415e-33, "lineage": ["GO:0008144", "GO:0005488", "GO:0003674"]}, "GO:0016020": {"pathway_title": "C:membrane", "uniprot_ids": "P09373,P69741", "members": 2, "matrix_rank": 2, "t_square": 109.4800656018537, "p_value": 1.6854109662157154e-24, "lineage": ["GO:0005575"]}, "GO:0051537": {"pathway_title": "F:2 iron, 2 sulfur cluster binding", "uniprot_ids": "P0AGK8,P33602", "members": 2, "matrix_rank": 2, "t_square": 98.21249289750122, "p_value": 4.714418586920839e-22, "lineage": ["GO:0051536", "GO:0048037", "GO:0005488", "GO:0003674"]}, "GO:0016758": {"pathway_title": "F:transferase activity, transferring hexosyl groups", "uniprot_ids": "P36667", "members": 1, "matrix_rank": 1, "t_square": 63.39405592990025, "p_value": 1.6922789754459967e-15, "lineage": ["GO:0016757", "GO:0016740", "GO:0003824", "GO:0003674"]}, "GO:1902021": {"pathway_title": "P:regulation of bacterial-type flagellum-dependent cell motility", "uniprot_ids": "P37646", "members": 1, "matrix_rank": 1, "t_square": 44.28738303791335, "p_value": 2.8353777423174968e-11, "lineage": ["GO:2000145", "GO:0040012", "GO:0050789", "GO:0065007", "GO:0008150"]}, "GO:0047405": {"pathway_title": "F:pyrimidine-5'-nucleotide nucleosidase activity", "uniprot_ids": "P41409", "members": 1, "matrix_rank": 1, "t_square": 44.45368012884498, "p_value": 2.604469296418614e-11, "lineage": ["GO:0016799", "GO:0016798", "GO:0016787", "GO:0003824", "GO:0003674"]}}